{

	"metadata" :
	{
		"formatVersion" : 3.1,
		"generatedBy"   : "Blender 2.66 Exporter",
		"vertices"      : 21,
		"faces"         : 7,
		"normals"       : 13,
		"colors"        : 0,
		"uvs"           : [21],
		"materials"     : 1,
		"morphTargets"  : 0,
		"bones"         : 0
	},

	"scale" : 1.000000,

	"materials" : [	{
		"DbgColor" : 15658734,
		"DbgIndex" : 0,
		"DbgName" : "M_Quercus_LOD1",
		"blending" : "NormalBlending",
		"colorAmbient" : [0.6400000190734865, 0.6400000190734865, 0.6400000190734865],
		"colorDiffuse" : [0.6400000190734865, 0.6400000190734865, 0.6400000190734865],
		"colorSpecular" : [0.0, 0.0, 0.0],
		"depthTest" : true,
		"depthWrite" : true,
		"mapDiffuse" : "Quercus_A_LOD1_LOD2_512.png",
		"mapDiffuseWrap" : ["repeat", "repeat"],
		"shading" : "Lambert",
		"specularCoef" : 50,
		"transparency" : 0.0,
		"transparent" : true,
		"vertexColors" : false
	}],

	"vertices" : [6.01419,11.7389,-0.0248745,6.01419,2.38419e-07,-0.0248739,-5.76157,1.66893e-06,-0.0248739,-5.76157,11.7389,-0.0248745,-2.70607,11.7389,5.09738,-2.70608,1.90735e-06,5.09738,3.1818,0,-5.10073,3.1818,11.7389,-5.10073,-2.68121,11.7389,-5.09738,-2.68121,0,-5.09738,3.20667,1.90735e-06,5.10073,3.20667,11.7389,5.10072,-6.01419,7.23062,-5.08718,-6.01419,7.23062,4.74728,5.76157,7.23062,4.74728,5.76157,7.23062,-5.08717,-6.01419,8.68895,-0.0248748,0.228328,8.68895,-5.08718,5.76157,8.68895,-0.0248731,0.228326,8.68895,4.74728,0.228327,10.1473,-0.024874],

	"morphTargets" : [],

	"normals" : [0,0,0.999969,0,0,1,0.866024,0,0.499985,0.866024,0,-0.499985,0.014161,0.960814,-0.276772,-0.219031,0.937559,-0.270089,-0.227454,0.973724,0.008179,0.01352,0.999878,0.007691,0.245491,0.931486,-0.268319,0.25483,0.966918,0.008148,-0.218024,0.933317,0.285195,0.01413,0.956236,0.292215,0.244392,0.927335,0.283364],

	"colors" : [],

	"uvs" : [[0.998478,0.224402,0.785152,0.224402,0.785152,0.004141,0.998478,0.004141,0.997967,0.445244,0.79,0.445244,0.789999,0.224872,0.997967,0.224872,0.996681,0.667299,0.788845,0.667299,0.788845,0.446722,0.996681,0.446722,0.679015,0.193601,0.566881,0.193601,0.566881,0.102667,0.679015,0.102667,0.778408,0.193601,0.778408,0.102667,0.566881,0.016945,0.679015,0.016945,0.778408,0.016945]],

	"faces" : [43,0,3,2,1,0,0,1,2,3,0,1,1,1,43,7,4,5,6,0,4,5,6,7,2,2,2,2,43,8,11,10,9,0,8,9,10,11,3,3,3,3,43,17,12,16,20,0,12,13,14,15,4,5,6,7,43,15,17,20,18,0,16,12,15,17,8,4,7,9,43,20,16,13,19,0,15,14,18,19,7,6,10,11,43,18,20,19,14,0,17,15,19,20,9,7,11,12],

	"bones" : [],

	"skinIndices" : [],

	"skinWeights" : [],

	"animation" : {}


}
